,brand,model,year,price_USD,km,location,fuel,transmission,volume
0,Ford,Fiesta,2012,8131.868131868132,98,Київ,Бензин,Автомат,1.6
1,Ford,Fiesta,2012,7500.0,121,Дніпро (Дніпропетровськ),Газ / Бензин,Ручна / Механіка,1.2
2,Ford,Fiesta,2012,8499.0,48,Дніпро (Дніпропетровськ),Бензин,Ручна / Механіка,1.25
3,Ford,Fiesta,2016,9700.0,77,Одеса,Бензин,Ручна / Механіка,1.25
4,Ford,Fiesta,2008,4400.0,182,Острог,Бензин,Не вказано,1.4
5,Ford,Fiesta,2014,6900.0,209,Миколаїв,Бензин,Автомат,1.6
6,Ford,Fiesta,2009,5399.0,187,Рівне,Бензин,Ручна / Механіка,1.3
7,Ford,Fiesta,2014,7499.0,98,Київ,Бензин,Автомат,1.6
8,Ford,Fiesta,2006,3699.0,151,Тернопіль,Бензин,Ручна / Механіка,1.3
9,Ford,Fiesta,2016,7400.0,104,Київ,Бензин,Автомат,1
10,Ford,Fiesta,2015,8000.0,58,Кам'янське (Дніпродзержинськ),Бензин,Ручна / Механіка,
11,Ford,Fiesta,2013,7000.0,193,Бровари,Дизель,Не вказано,1.5
12,Ford,Fiesta,2018,9300.0,67,Львів,Бензин,Автомат,1.6
13,Ford,Fiesta,2007,5100.0,193,Київ,Бензин,Ручна / Механіка,1.24
14,Ford,Fiesta,2016,7750.0,96,Київ,Бензин,Автомат,1.6
15,Ford,Fiesta,2007,3500.0,265,Київ,Газ / Бензин,Не вказано,1.3
16,Ford,Fiesta,2013,9000.0,136,Київ,Бензин,Ручна / Механіка,1
17,Ford,Fiesta,2016,10800.0,58,Дніпро (Дніпропетровськ),Бензин,Автомат,1
18,Ford,Fiesta,2008,4999.0,125,Суми,Газ / Бензин,Ручна / Механіка,1.2
19,Ford,Fiesta,2017,9000.0,100,Шостка,Бензин,Робот,1.6
20,Ford,Fiesta,2011,6900.0,93,Запоріжжя,Газ / Бензин,Ручна / Механіка,1.2
21,Ford,Fiesta,2016,12500.0,72,Київ,Бензин,Ручна / Механіка,1.6
22,Ford,Fiesta,2017,9800.0,45,Київ,Бензин,Автомат,1.6
23,Ford,Fiesta,2013,7900.0,124,Миколаїв,Дизель,Ручна / Механіка,1.5
24,Ford,Fiesta,2014,8700.0,84,Київ,Бензин,Не вказано,1.6
25,Ford,Fiesta,2007,4400.0,183,Київ,Бензин,Ручна / Механіка,1.3
26,Ford,Fiesta,2016,8000.0,127,Київ,Бензин,Автомат,1.6
27,Ford,Fiesta,2008,4100.0,162,Житомир,Бензин,Ручна / Механіка,1.2
28,Ford,Fiesta,2002,4000.0,230,Свалява,Дизель,Ручна / Механіка,1.4
29,Ford,Fiesta,2013,8000.0,46,Запоріжжя,Бензин,Ручна / Механіка,1
30,Ford,Fiesta,2012,9300.0,24,Київ,Бензин,Автомат,1.4
31,Ford,Fiesta,2013,5900.0,81,Київ,Бензин,Ручна / Механіка,1
32,Ford,Fiesta,2007,5500.0,148,Запоріжжя,Бензин,Автомат,1.4
33,Ford,Fiesta,2007,4450.0,197,Одеса,Бензин,Ручна / Механіка,1.4
34,Ford,Fiesta,2006,4650.0,130,Одеса,Бензин,Ручна / Механіка,1.3
35,Ford,Fiesta,2009,5200.0,120,Умань,Бензин,Ручна / Механіка,1.4
36,Ford,Fiesta,2014,8900.0,25,Одеса,Бензин,Не вказано,1
37,Ford,Fiesta,2014,7999.0,176,Рівне,Бензин,Автомат,1.6
38,Ford,Fiesta,2007,4600.0,135,Харків,Бензин,Ручна / Механіка,1.2
39,Ford,Fiesta,2013,8500.0,98,Дніпро (Дніпропетровськ),Бензин,Ручна / Механіка,1
40,Ford,Fiesta,2013,5999.0,124,Мукачеве,Бензин,Ручна / Механіка,1
41,Ford,Fiesta,2008,5300.0,226,Бережани,Дизель,Ручна / Механіка,1.6
42,Ford,Fiesta,2013,6999.0,119,Харків,Бензин,Ручна / Механіка,1
43,Ford,Fiesta,2013,5800.0,178,Київ,Бензин,Ручна / Механіка,1
44,Ford,Fiesta,2008,5300.0,115,Харків,Газ / Бензин,Типтронік,1.4
45,Ford,Fiesta,2002,4500.0,324,Біла Церква,Дизель,Ручна / Механіка,1.4
46,Ford,Fiesta,2016,10300.0,64,Вінниця,Бензин,Автомат,1
47,Ford,Fiesta,2013,8150.0,30,Саврань,Дизель,Ручна / Механіка,1.5
48,Ford,Fiesta,2006,4499.0,127,Хмельницький,Бензин,Автомат,1.4
49,Ford,Fiesta,2012,5500.0,113,Одеса,Бензин,Ручна / Механіка,1.2
50,Ford,Fiesta,2007,5700.0,95,Київ,Бензин,Ручна / Механіка,1.2
51,Ford,Fiesta,2011,7800.0,114,Дніпро (Дніпропетровськ),Бензин,Автомат,1.4
52,Ford,Fiesta,2012,8300.0,82,Дніпро (Дніпропетровськ),Бензин,Автомат,1.4
53,Ford,Fiesta,2007,5550.0,126,Кривий Ріг,Бензин,Типтронік,1.4
54,Ford,Fiesta,2012,5600.0,200,Ковель,1.3,Ручна / Механіка,1.3
55,Ford,Fiesta,2016,9500.0,23,Вінниця,Бензин,Ручна / Механіка,1.6
56,Ford,Fiesta,2016,9900.0,93,Київ,Бензин,Автомат,1
57,Ford,Fiesta,2007,6300.0,168,Херсон,Газ / Бензин,Ручна / Механіка,1.25
58,Ford,Fiesta,2008,5750.0,151,Воловець,Бензин,Ручна / Механіка,1.4
59,Ford,Fiesta,2011,9900.0,118,Київ,Бензин,Автомат,1.4
60,Ford,Fiesta,2007,3950.0,230,Київ,Бензин,Робот,
61,Ford,Fiesta,2006,6000.0,90,Кривий Ріг,Бензин,Не вказано,1.4
62,Ford,Fiesta,2010,7500.0,154,Запоріжжя,Газ / Бензин,Ручна / Механіка,1.25
63,Ford,Fiesta,2016,9999.0,19,Харків,Бензин,Автомат,1.6
64,Ford,Fiesta,2012,6200.0,99,Харків,Бензин,Робот,1.6
65,Ford,Fiesta,2011,6500.0,100,Дніпро (Дніпропетровськ),Бензин,Ручна / Механіка,1.3
66,Ford,Fiesta,2006,4350.0,219,Ужгород,Бензин,Ручна / Механіка,1.25
67,Ford,Fiesta,2016,10500.0,40,Дніпро (Дніпропетровськ),Бензин,Автомат,1
68,Ford,Fiesta,2005,3300.0,175,Одеса,Бензин,Ручна / Механіка,1.25
70,Ford,Fiesta,2007,5500.0,172,Запоріжжя,Бензин,Автомат,1.4
71,Ford,Fiesta,2011,6450.0,97,Кропивницький (Кіровоград),Бензин,Ручна / Механіка,1.25
72,Ford,Fiesta,2006,4800.0,164,Мукачеве,Бензин,Ручна / Механіка,1.4
73,Ford,Fiesta,2007,6200.0,130,Київ,Бензин,Ручна / Механіка,2
74,Ford,Fiesta,2011,5500.0,178,Львів,Дизель,Ручна / Механіка,1.4
76,Ford,Fiesta,2006,3700.0,170,Кропивницький (Кіровоград),Бензин,Ручна / Механіка,1.3
77,Ford,Fiesta,2014,8699.0,78,Теребовля,Бензин,Автомат,1.6
78,Ford,Fiesta,2013,6600.0,65,Харків,Бензин,Ручна / Механіка,1
79,Ford,Fiesta,2006,4000.0,260,Бердянськ,1.25,Ручна / Механіка,1.25
80,Ford,Fiesta,2015,8150.0,111,Ніжин,Дизель,Ручна / Механіка,1.5
81,Ford,Fiesta,2007,5000.0,161,Кривий Ріг,Бензин,Ручна / Механіка,1.6
82,Ford,Fiesta,2007,4300.0,106,Львів,Бензин,Ручна / Механіка,1.4
83,Ford,Fiesta,2007,3999.0,121,Київ,Бензин,Робот,1.4
84,Ford,Fiesta,2012,5900.0,169,Бориспіль,Бензин,Ручна / Механіка,1.2
85,Ford,Fiesta,2007,4500.0,225,Одеса,Бензин,Ручна / Механіка,1.4
86,Ford,Fiesta,2011,7035.0,141,Богодухів,Дизель,Ручна / Механіка,1.4
87,Ford,Fiesta,2013,7000.0,112,Коростень,Бензин,Ручна / Механіка,1
88,Ford,Fiesta,2008,5500.0,130,Біла Церква,Газ / Бензин,Автомат,
89,Ford,Fiesta,2008,4500.0,171,Нетішин,Газ / Бензин,Ручна / Механіка,1.3
90,Ford,Fiesta,2010,8200.0,141,Київ,Бензин,Автомат,1.4
91,Ford,Fiesta,2011,5350.0,151,Івано-Франківськ,Бензин,Ручна / Механіка,
92,Ford,Fiesta,2014,7300.0,165,Львів,Дизель,Ручна / Механіка,1.5
93,Ford,Fiesta,2006,5400.0,110,Київ,Бензин,Робот,1.4
95,Ford,Fiesta,2010,6999.0,190,Житомир,Дизель,Ручна / Механіка,1.6
96,Ford,Fiesta,2007,3800.0,244,Київ,Газ / Бензин,Ручна / Механіка,1.25
97,Ford,Fiesta,2007,4800.0,390,Біла Церква,Газ / Бензин,Ручна / Механіка,
98,Ford,Fiesta,2007,4450.0,200,Коломия,Дизель,Ручна / Механіка,1.4
99,Ford,Fiesta,2012,9500.0,59,Харків,Бензин,Автомат,1.4
100,Ford,Fiesta,2012,8131.868131868132,98,Київ,Бензин,Автомат,1.6
101,Ford,Fiesta,2012,7500.0,121,Дніпро (Дніпропетровськ),Газ / Бензин,Ручна / Механіка,1.2
102,Ford,Fiesta,2012,8499.0,48,Дніпро (Дніпропетровськ),Бензин,Ручна / Механіка,1.25
103,Ford,Fiesta,2016,9700.0,77,Одеса,Бензин,Ручна / Механіка,1.25
104,Ford,Fiesta,2008,4400.0,182,Острог,Бензин,Не вказано,1.4
105,Ford,Fiesta,2014,6900.0,209,Миколаїв,Бензин,Автомат,1.6
106,Ford,Fiesta,2009,5399.0,187,Рівне,Бензин,Ручна / Механіка,1.3
107,Ford,Fiesta,2014,7499.0,98,Київ,Бензин,Автомат,1.6
108,Ford,Fiesta,2006,3699.0,151,Тернопіль,Бензин,Ручна / Механіка,1.3
109,Ford,Fiesta,2016,7400.0,104,Київ,Бензин,Автомат,1
110,Ford,Fiesta,2015,8000.0,58,Кам'янське (Дніпродзержинськ),Бензин,Ручна / Механіка,
111,Ford,Fiesta,2013,7000.0,193,Бровари,Дизель,Не вказано,1.5
112,Ford,Fiesta,2018,9300.0,67,Львів,Бензин,Автомат,1.6
113,Ford,Fiesta,2007,5100.0,193,Київ,Бензин,Ручна / Механіка,1.24
114,Ford,Fiesta,2016,7750.0,96,Київ,Бензин,Автомат,1.6
115,Ford,Fiesta,2007,3500.0,265,Київ,Газ / Бензин,Не вказано,1.3
116,Ford,Fiesta,2013,9000.0,136,Київ,Бензин,Ручна / Механіка,1
117,Ford,Fiesta,2016,10800.0,58,Дніпро (Дніпропетровськ),Бензин,Автомат,1
118,Ford,Fiesta,2008,4999.0,125,Суми,Газ / Бензин,Ручна / Механіка,1.2
119,Ford,Fiesta,2017,9000.0,100,Шостка,Бензин,Робот,1.6
120,Ford,Fiesta,2011,6900.0,93,Запоріжжя,Газ / Бензин,Ручна / Механіка,1.2
121,Ford,Fiesta,2016,12500.0,72,Київ,Бензин,Ручна / Механіка,1.6
122,Ford,Fiesta,2017,9800.0,45,Київ,Бензин,Автомат,1.6
123,Ford,Fiesta,2013,7900.0,124,Миколаїв,Дизель,Ручна / Механіка,1.5
124,Ford,Fiesta,2014,8700.0,84,Київ,Бензин,Не вказано,1.6
125,Ford,Fiesta,2007,4400.0,183,Київ,Бензин,Ручна / Механіка,1.3
126,Ford,Fiesta,2016,8000.0,127,Київ,Бензин,Автомат,1.6
127,Ford,Fiesta,2008,4100.0,162,Житомир,Бензин,Ручна / Механіка,1.2
128,Ford,Fiesta,2002,4000.0,230,Свалява,Дизель,Ручна / Механіка,1.4
129,Ford,Fiesta,2013,8000.0,46,Запоріжжя,Бензин,Ручна / Механіка,1
130,Ford,Fiesta,2012,9300.0,24,Київ,Бензин,Автомат,1.4
131,Ford,Fiesta,2013,5900.0,81,Київ,Бензин,Ручна / Механіка,1
132,Ford,Fiesta,2007,5500.0,148,Запоріжжя,Бензин,Автомат,1.4
133,Ford,Fiesta,2007,4450.0,197,Одеса,Бензин,Ручна / Механіка,1.4
134,Ford,Fiesta,2006,4650.0,130,Одеса,Бензин,Ручна / Механіка,1.3
135,Ford,Fiesta,2009,5200.0,120,Умань,Бензин,Ручна / Механіка,1.4
136,Ford,Fiesta,2014,8900.0,25,Одеса,Бензин,Не вказано,1
137,Ford,Fiesta,2014,7999.0,176,Рівне,Бензин,Автомат,1.6
138,Ford,Fiesta,2007,4600.0,135,Харків,Бензин,Ручна / Механіка,1.2
139,Ford,Fiesta,2013,8500.0,98,Дніпро (Дніпропетровськ),Бензин,Ручна / Механіка,1
140,Ford,Fiesta,2013,5999.0,124,Мукачеве,Бензин,Ручна / Механіка,1
141,Ford,Fiesta,2008,5300.0,226,Бережани,Дизель,Ручна / Механіка,1.6
142,Ford,Fiesta,2013,6999.0,119,Харків,Бензин,Ручна / Механіка,1
143,Ford,Fiesta,2013,5800.0,178,Київ,Бензин,Ручна / Механіка,1
144,Ford,Fiesta,2008,5300.0,115,Харків,Газ / Бензин,Типтронік,1.4
145,Ford,Fiesta,2002,4500.0,324,Біла Церква,Дизель,Ручна / Механіка,1.4
146,Ford,Fiesta,2016,10300.0,64,Вінниця,Бензин,Автомат,1
147,Ford,Fiesta,2013,8150.0,30,Саврань,Дизель,Ручна / Механіка,1.5
148,Ford,Fiesta,2006,4499.0,127,Хмельницький,Бензин,Автомат,1.4
149,Ford,Fiesta,2012,5500.0,113,Одеса,Бензин,Ручна / Механіка,1.2
150,Ford,Fiesta,2007,5700.0,95,Київ,Бензин,Ручна / Механіка,1.2
151,Ford,Fiesta,2011,7800.0,114,Дніпро (Дніпропетровськ),Бензин,Автомат,1.4
152,Ford,Fiesta,2012,8300.0,82,Дніпро (Дніпропетровськ),Бензин,Автомат,1.4
153,Ford,Fiesta,2007,5550.0,126,Кривий Ріг,Бензин,Типтронік,1.4
154,Ford,Fiesta,2012,5600.0,200,Ковель,1.3,Ручна / Механіка,1.3
155,Ford,Fiesta,2016,9500.0,23,Вінниця,Бензин,Ручна / Механіка,1.6
156,Ford,Fiesta,2016,9900.0,93,Київ,Бензин,Автомат,1
157,Ford,Fiesta,2007,6300.0,168,Херсон,Газ / Бензин,Ручна / Механіка,1.25
158,Ford,Fiesta,2008,5750.0,151,Воловець,Бензин,Ручна / Механіка,1.4
159,Ford,Fiesta,2011,9900.0,118,Київ,Бензин,Автомат,1.4
160,Ford,Fiesta,2007,3950.0,230,Київ,Бензин,Робот,
161,Ford,Fiesta,2006,6000.0,90,Кривий Ріг,Бензин,Не вказано,1.4
162,Ford,Fiesta,2010,7500.0,154,Запоріжжя,Газ / Бензин,Ручна / Механіка,1.25
163,Ford,Fiesta,2016,9999.0,19,Харків,Бензин,Автомат,1.6
164,Ford,Fiesta,2012,6200.0,99,Харків,Бензин,Робот,1.6
165,Ford,Fiesta,2011,6500.0,100,Дніпро (Дніпропетровськ),Бензин,Ручна / Механіка,1.3
166,Ford,Fiesta,2006,4350.0,219,Ужгород,Бензин,Ручна / Механіка,1.25
167,Ford,Fiesta,2016,10500.0,40,Дніпро (Дніпропетровськ),Бензин,Автомат,1
168,Ford,Fiesta,2005,3300.0,175,Одеса,Бензин,Ручна / Механіка,1.25
170,Ford,Fiesta,2007,5500.0,172,Запоріжжя,Бензин,Автомат,1.4
171,Ford,Fiesta,2011,6450.0,97,Кропивницький (Кіровоград),Бензин,Ручна / Механіка,1.25
172,Ford,Fiesta,2006,4800.0,164,Мукачеве,Бензин,Ручна / Механіка,1.4
173,Ford,Fiesta,2007,6200.0,130,Київ,Бензин,Ручна / Механіка,2
174,Ford,Fiesta,2011,5500.0,178,Львів,Дизель,Ручна / Механіка,1.4
176,Ford,Fiesta,2006,3700.0,170,Кропивницький (Кіровоград),Бензин,Ручна / Механіка,1.3
177,Ford,Fiesta,2014,8699.0,78,Теребовля,Бензин,Автомат,1.6
178,Ford,Fiesta,2013,6600.0,65,Харків,Бензин,Ручна / Механіка,1
179,Ford,Fiesta,2006,4000.0,260,Бердянськ,1.25,Ручна / Механіка,1.25
180,Ford,Fiesta,2015,8150.0,111,Ніжин,Дизель,Ручна / Механіка,1.5
181,Ford,Fiesta,2007,5000.0,161,Кривий Ріг,Бензин,Ручна / Механіка,1.6
182,Ford,Fiesta,2007,4300.0,106,Львів,Бензин,Ручна / Механіка,1.4
183,Ford,Fiesta,2007,3999.0,121,Київ,Бензин,Робот,1.4
184,Ford,Fiesta,2012,5900.0,169,Бориспіль,Бензин,Ручна / Механіка,1.2
185,Ford,Fiesta,2007,4500.0,225,Одеса,Бензин,Ручна / Механіка,1.4
186,Ford,Fiesta,2011,7035.0,141,Богодухів,Дизель,Ручна / Механіка,1.4
187,Ford,Fiesta,2013,7000.0,112,Коростень,Бензин,Ручна / Механіка,1
188,Ford,Fiesta,2008,5500.0,130,Біла Церква,Газ / Бензин,Автомат,
189,Ford,Fiesta,2008,4500.0,171,Нетішин,Газ / Бензин,Ручна / Механіка,1.3
190,Ford,Fiesta,2010,8200.0,141,Київ,Бензин,Автомат,1.4
191,Ford,Fiesta,2011,5350.0,151,Івано-Франківськ,Бензин,Ручна / Механіка,
192,Ford,Fiesta,2014,7300.0,165,Львів,Дизель,Ручна / Механіка,1.5
193,Ford,Fiesta,2006,5400.0,110,Київ,Бензин,Робот,1.4
195,Ford,Fiesta,2010,6999.0,190,Житомир,Дизель,Ручна / Механіка,1.6
196,Ford,Fiesta,2007,3800.0,244,Київ,Газ / Бензин,Ручна / Механіка,1.25
197,Ford,Fiesta,2007,4800.0,390,Біла Церква,Газ / Бензин,Ручна / Механіка,
198,Ford,Fiesta,2007,4450.0,200,Коломия,Дизель,Ручна / Механіка,1.4
199,Ford,Fiesta,2012,9500.0,59,Харків,Бензин,Автомат,1.4
200,Ford,Fiesta,2012,8131.868131868132,98,Київ,Бензин,Автомат,1.6
201,Ford,Fiesta,2012,7500.0,121,Дніпро (Дніпропетровськ),Газ / Бензин,Ручна / Механіка,1.2
202,Ford,Fiesta,2012,8499.0,48,Дніпро (Дніпропетровськ),Бензин,Ручна / Механіка,1.25
203,Ford,Fiesta,2016,9700.0,77,Одеса,Бензин,Ручна / Механіка,1.25
204,Ford,Fiesta,2008,4400.0,182,Острог,Бензин,Не вказано,1.4
205,Ford,Fiesta,2014,6900.0,209,Миколаїв,Бензин,Автомат,1.6
206,Ford,Fiesta,2009,5399.0,187,Рівне,Бензин,Ручна / Механіка,1.3
207,Ford,Fiesta,2014,7499.0,98,Київ,Бензин,Автомат,1.6
208,Ford,Fiesta,2006,3699.0,151,Тернопіль,Бензин,Ручна / Механіка,1.3
209,Ford,Fiesta,2016,7400.0,104,Київ,Бензин,Автомат,1
210,Ford,Fiesta,2015,8000.0,58,Кам'янське (Дніпродзержинськ),Бензин,Ручна / Механіка,
211,Ford,Fiesta,2013,7000.0,193,Бровари,Дизель,Не вказано,1.5
212,Ford,Fiesta,2018,9300.0,67,Львів,Бензин,Автомат,1.6
213,Ford,Fiesta,2007,5100.0,193,Київ,Бензин,Ручна / Механіка,1.24
214,Ford,Fiesta,2016,7750.0,96,Київ,Бензин,Автомат,1.6
215,Ford,Fiesta,2007,3500.0,265,Київ,Газ / Бензин,Не вказано,1.3
216,Ford,Fiesta,2013,9000.0,136,Київ,Бензин,Ручна / Механіка,1
217,Ford,Fiesta,2016,10800.0,58,Дніпро (Дніпропетровськ),Бензин,Автомат,1
218,Ford,Fiesta,2008,4999.0,125,Суми,Газ / Бензин,Ручна / Механіка,1.2
219,Ford,Fiesta,2017,9000.0,100,Шостка,Бензин,Робот,1.6
220,Ford,Fiesta,2011,6900.0,93,Запоріжжя,Газ / Бензин,Ручна / Механіка,1.2
221,Ford,Fiesta,2016,12500.0,72,Київ,Бензин,Ручна / Механіка,1.6
222,Ford,Fiesta,2017,9800.0,45,Київ,Бензин,Автомат,1.6
223,Ford,Fiesta,2013,7900.0,124,Миколаїв,Дизель,Ручна / Механіка,1.5
224,Ford,Fiesta,2014,8700.0,84,Київ,Бензин,Не вказано,1.6
225,Ford,Fiesta,2007,4400.0,183,Київ,Бензин,Ручна / Механіка,1.3
226,Ford,Fiesta,2016,8000.0,127,Київ,Бензин,Автомат,1.6
227,Ford,Fiesta,2008,4100.0,162,Житомир,Бензин,Ручна / Механіка,1.2
228,Ford,Fiesta,2002,4000.0,230,Свалява,Дизель,Ручна / Механіка,1.4
229,Ford,Fiesta,2013,8000.0,46,Запоріжжя,Бензин,Ручна / Механіка,1
230,Ford,Fiesta,2012,9300.0,24,Київ,Бензин,Автомат,1.4
231,Ford,Fiesta,2013,5900.0,81,Київ,Бензин,Ручна / Механіка,1
232,Ford,Fiesta,2007,5500.0,148,Запоріжжя,Бензин,Автомат,1.4
233,Ford,Fiesta,2007,4450.0,197,Одеса,Бензин,Ручна / Механіка,1.4
234,Ford,Fiesta,2006,4650.0,130,Одеса,Бензин,Ручна / Механіка,1.3
235,Ford,Fiesta,2009,5200.0,120,Умань,Бензин,Ручна / Механіка,1.4
236,Ford,Fiesta,2014,8900.0,25,Одеса,Бензин,Не вказано,1
237,Ford,Fiesta,2014,7999.0,176,Рівне,Бензин,Автомат,1.6
238,Ford,Fiesta,2007,4600.0,135,Харків,Бензин,Ручна / Механіка,1.2
239,Ford,Fiesta,2013,8500.0,98,Дніпро (Дніпропетровськ),Бензин,Ручна / Механіка,1
240,Ford,Fiesta,2013,5999.0,124,Мукачеве,Бензин,Ручна / Механіка,1
241,Ford,Fiesta,2008,5300.0,226,Бережани,Дизель,Ручна / Механіка,1.6
242,Ford,Fiesta,2013,6999.0,119,Харків,Бензин,Ручна / Механіка,1
243,Ford,Fiesta,2013,5800.0,178,Київ,Бензин,Ручна / Механіка,1
244,Ford,Fiesta,2008,5300.0,115,Харків,Газ / Бензин,Типтронік,1.4
245,Ford,Fiesta,2002,4500.0,324,Біла Церква,Дизель,Ручна / Механіка,1.4
246,Ford,Fiesta,2016,10300.0,64,Вінниця,Бензин,Автомат,1
247,Ford,Fiesta,2013,8150.0,30,Саврань,Дизель,Ручна / Механіка,1.5
248,Ford,Fiesta,2006,4499.0,127,Хмельницький,Бензин,Автомат,1.4
249,Ford,Fiesta,2012,5500.0,113,Одеса,Бензин,Ручна / Механіка,1.2
250,Ford,Fiesta,2007,5700.0,95,Київ,Бензин,Ручна / Механіка,1.2
251,Ford,Fiesta,2011,7800.0,114,Дніпро (Дніпропетровськ),Бензин,Автомат,1.4
252,Ford,Fiesta,2012,8300.0,82,Дніпро (Дніпропетровськ),Бензин,Автомат,1.4
253,Ford,Fiesta,2007,5550.0,126,Кривий Ріг,Бензин,Типтронік,1.4
254,Ford,Fiesta,2012,5600.0,200,Ковель,1.3,Ручна / Механіка,1.3
255,Ford,Fiesta,2016,9500.0,23,Вінниця,Бензин,Ручна / Механіка,1.6
256,Ford,Fiesta,2016,9900.0,93,Київ,Бензин,Автомат,1
257,Ford,Fiesta,2007,6300.0,168,Херсон,Газ / Бензин,Ручна / Механіка,1.25
258,Ford,Fiesta,2008,5750.0,151,Воловець,Бензин,Ручна / Механіка,1.4
259,Ford,Fiesta,2011,9900.0,118,Київ,Бензин,Автомат,1.4
260,Ford,Fiesta,2007,3950.0,230,Київ,Бензин,Робот,
261,Ford,Fiesta,2006,6000.0,90,Кривий Ріг,Бензин,Не вказано,1.4
262,Ford,Fiesta,2010,7500.0,154,Запоріжжя,Газ / Бензин,Ручна / Механіка,1.25
263,Ford,Fiesta,2016,9999.0,19,Харків,Бензин,Автомат,1.6
264,Ford,Fiesta,2012,6200.0,99,Харків,Бензин,Робот,1.6
265,Ford,Fiesta,2011,6500.0,100,Дніпро (Дніпропетровськ),Бензин,Ручна / Механіка,1.3
266,Ford,Fiesta,2006,4350.0,219,Ужгород,Бензин,Ручна / Механіка,1.25
267,Ford,Fiesta,2016,10500.0,40,Дніпро (Дніпропетровськ),Бензин,Автомат,1
268,Ford,Fiesta,2005,3300.0,175,Одеса,Бензин,Ручна / Механіка,1.25
270,Ford,Fiesta,2007,5500.0,172,Запоріжжя,Бензин,Автомат,1.4
271,Ford,Fiesta,2011,6450.0,97,Кропивницький (Кіровоград),Бензин,Ручна / Механіка,1.25
272,Ford,Fiesta,2006,4800.0,164,Мукачеве,Бензин,Ручна / Механіка,1.4
273,Ford,Fiesta,2007,6200.0,130,Київ,Бензин,Ручна / Механіка,2
274,Ford,Fiesta,2011,5500.0,178,Львів,Дизель,Ручна / Механіка,1.4
276,Ford,Fiesta,2006,3700.0,170,Кропивницький (Кіровоград),Бензин,Ручна / Механіка,1.3
277,Ford,Fiesta,2014,8699.0,78,Теребовля,Бензин,Автомат,1.6
278,Ford,Fiesta,2013,6600.0,65,Харків,Бензин,Ручна / Механіка,1
279,Ford,Fiesta,2006,4000.0,260,Бердянськ,1.25,Ручна / Механіка,1.25
280,Ford,Fiesta,2015,8150.0,111,Ніжин,Дизель,Ручна / Механіка,1.5
281,Ford,Fiesta,2007,5000.0,161,Кривий Ріг,Бензин,Ручна / Механіка,1.6
282,Ford,Fiesta,2007,4300.0,106,Львів,Бензин,Ручна / Механіка,1.4
283,Ford,Fiesta,2007,3999.0,121,Київ,Бензин,Робот,1.4
284,Ford,Fiesta,2012,5900.0,169,Бориспіль,Бензин,Ручна / Механіка,1.2
285,Ford,Fiesta,2007,4500.0,225,Одеса,Бензин,Ручна / Механіка,1.4
286,Ford,Fiesta,2011,7035.0,141,Богодухів,Дизель,Ручна / Механіка,1.4
287,Ford,Fiesta,2013,7000.0,112,Коростень,Бензин,Ручна / Механіка,1
288,Ford,Fiesta,2008,5500.0,130,Біла Церква,Газ / Бензин,Автомат,
289,Ford,Fiesta,2008,4500.0,171,Нетішин,Газ / Бензин,Ручна / Механіка,1.3
290,Ford,Fiesta,2010,8200.0,141,Київ,Бензин,Автомат,1.4
291,Ford,Fiesta,2011,5350.0,151,Івано-Франківськ,Бензин,Ручна / Механіка,
292,Ford,Fiesta,2014,7300.0,165,Львів,Дизель,Ручна / Механіка,1.5
293,Ford,Fiesta,2006,5400.0,110,Київ,Бензин,Робот,1.4
295,Ford,Fiesta,2010,6999.0,190,Житомир,Дизель,Ручна / Механіка,1.6
296,Ford,Fiesta,2007,3800.0,244,Київ,Газ / Бензин,Ручна / Механіка,1.25
297,Ford,Fiesta,2007,4800.0,390,Біла Церква,Газ / Бензин,Ручна / Механіка,
298,Ford,Fiesta,2007,4450.0,200,Коломия,Дизель,Ручна / Механіка,1.4
299,Ford,Fiesta,2012,9500.0,59,Харків,Бензин,Автомат,1.4
300,Ford,Fiesta,2012,8131.868131868132,98,Київ,Бензин,Автомат,1.6
301,Ford,Fiesta,2012,7500.0,121,Дніпро (Дніпропетровськ),Газ / Бензин,Ручна / Механіка,1.2
302,Ford,Fiesta,2012,8499.0,48,Дніпро (Дніпропетровськ),Бензин,Ручна / Механіка,1.25
303,Ford,Fiesta,2016,9700.0,77,Одеса,Бензин,Ручна / Механіка,1.25
304,Ford,Fiesta,2008,4400.0,182,Острог,Бензин,Не вказано,1.4
305,Ford,Fiesta,2014,6900.0,209,Миколаїв,Бензин,Автомат,1.6
306,Ford,Fiesta,2009,5399.0,187,Рівне,Бензин,Ручна / Механіка,1.3
307,Ford,Fiesta,2014,7499.0,98,Київ,Бензин,Автомат,1.6
308,Ford,Fiesta,2006,3699.0,151,Тернопіль,Бензин,Ручна / Механіка,1.3
309,Ford,Fiesta,2016,7400.0,104,Київ,Бензин,Автомат,1
310,Ford,Fiesta,2015,8000.0,58,Кам'янське (Дніпродзержинськ),Бензин,Ручна / Механіка,
311,Ford,Fiesta,2013,7000.0,193,Бровари,Дизель,Не вказано,1.5
312,Ford,Fiesta,2018,9300.0,67,Львів,Бензин,Автомат,1.6
313,Ford,Fiesta,2007,5100.0,193,Київ,Бензин,Ручна / Механіка,1.24
314,Ford,Fiesta,2016,7750.0,96,Київ,Бензин,Автомат,1.6
315,Ford,Fiesta,2007,3500.0,265,Київ,Газ / Бензин,Не вказано,1.3
316,Ford,Fiesta,2013,9000.0,136,Київ,Бензин,Ручна / Механіка,1
317,Ford,Fiesta,2016,10800.0,58,Дніпро (Дніпропетровськ),Бензин,Автомат,1
318,Ford,Fiesta,2008,4999.0,125,Суми,Газ / Бензин,Ручна / Механіка,1.2
319,Ford,Fiesta,2017,9000.0,100,Шостка,Бензин,Робот,1.6
320,Ford,Fiesta,2011,6900.0,93,Запоріжжя,Газ / Бензин,Ручна / Механіка,1.2
321,Ford,Fiesta,2016,12500.0,72,Київ,Бензин,Ручна / Механіка,1.6
322,Ford,Fiesta,2017,9800.0,45,Київ,Бензин,Автомат,1.6
323,Ford,Fiesta,2013,7900.0,124,Миколаїв,Дизель,Ручна / Механіка,1.5
324,Ford,Fiesta,2014,8700.0,84,Київ,Бензин,Не вказано,1.6
325,Ford,Fiesta,2007,4400.0,183,Київ,Бензин,Ручна / Механіка,1.3
326,Ford,Fiesta,2016,8000.0,127,Київ,Бензин,Автомат,1.6
327,Ford,Fiesta,2008,4100.0,162,Житомир,Бензин,Ручна / Механіка,1.2
328,Ford,Fiesta,2002,4000.0,230,Свалява,Дизель,Ручна / Механіка,1.4
329,Ford,Fiesta,2013,8000.0,46,Запоріжжя,Бензин,Ручна / Механіка,1
330,Ford,Fiesta,2012,9300.0,24,Київ,Бензин,Автомат,1.4
331,Ford,Fiesta,2013,5900.0,81,Київ,Бензин,Ручна / Механіка,1
332,Ford,Fiesta,2007,5500.0,148,Запоріжжя,Бензин,Автомат,1.4
333,Ford,Fiesta,2007,4450.0,197,Одеса,Бензин,Ручна / Механіка,1.4
334,Ford,Fiesta,2006,4650.0,130,Одеса,Бензин,Ручна / Механіка,1.3
335,Ford,Fiesta,2009,5200.0,120,Умань,Бензин,Ручна / Механіка,1.4
336,Ford,Fiesta,2014,8900.0,25,Одеса,Бензин,Не вказано,1
337,Ford,Fiesta,2014,7999.0,176,Рівне,Бензин,Автомат,1.6
338,Ford,Fiesta,2007,4600.0,135,Харків,Бензин,Ручна / Механіка,1.2
339,Ford,Fiesta,2013,8500.0,98,Дніпро (Дніпропетровськ),Бензин,Ручна / Механіка,1
340,Ford,Fiesta,2013,5999.0,124,Мукачеве,Бензин,Ручна / Механіка,1
341,Ford,Fiesta,2008,5300.0,226,Бережани,Дизель,Ручна / Механіка,1.6
342,Ford,Fiesta,2013,6999.0,119,Харків,Бензин,Ручна / Механіка,1
343,Ford,Fiesta,2013,5800.0,178,Київ,Бензин,Ручна / Механіка,1
344,Ford,Fiesta,2008,5300.0,115,Харків,Газ / Бензин,Типтронік,1.4
345,Ford,Fiesta,2002,4500.0,324,Біла Церква,Дизель,Ручна / Механіка,1.4
346,Ford,Fiesta,2016,10300.0,64,Вінниця,Бензин,Автомат,1
347,Ford,Fiesta,2013,8150.0,30,Саврань,Дизель,Ручна / Механіка,1.5
348,Ford,Fiesta,2006,4499.0,127,Хмельницький,Бензин,Автомат,1.4
349,Ford,Fiesta,2012,5500.0,113,Одеса,Бензин,Ручна / Механіка,1.2
350,Ford,Fiesta,2007,5700.0,95,Київ,Бензин,Ручна / Механіка,1.2
351,Ford,Fiesta,2011,7800.0,114,Дніпро (Дніпропетровськ),Бензин,Автомат,1.4
352,Ford,Fiesta,2012,8300.0,82,Дніпро (Дніпропетровськ),Бензин,Автомат,1.4
353,Ford,Fiesta,2007,5550.0,126,Кривий Ріг,Бензин,Типтронік,1.4
354,Ford,Fiesta,2012,5600.0,200,Ковель,1.3,Ручна / Механіка,1.3
355,Ford,Fiesta,2016,9500.0,23,Вінниця,Бензин,Ручна / Механіка,1.6
356,Ford,Fiesta,2016,9900.0,93,Київ,Бензин,Автомат,1
357,Ford,Fiesta,2007,6300.0,168,Херсон,Газ / Бензин,Ручна / Механіка,1.25
358,Ford,Fiesta,2008,5750.0,151,Воловець,Бензин,Ручна / Механіка,1.4
359,Ford,Fiesta,2011,9900.0,118,Київ,Бензин,Автомат,1.4
360,Ford,Fiesta,2007,3950.0,230,Київ,Бензин,Робот,
361,Ford,Fiesta,2006,6000.0,90,Кривий Ріг,Бензин,Не вказано,1.4
362,Ford,Fiesta,2010,7500.0,154,Запоріжжя,Газ / Бензин,Ручна / Механіка,1.25
363,Ford,Fiesta,2016,9999.0,19,Харків,Бензин,Автомат,1.6
364,Ford,Fiesta,2012,6200.0,99,Харків,Бензин,Робот,1.6
365,Ford,Fiesta,2011,6500.0,100,Дніпро (Дніпропетровськ),Бензин,Ручна / Механіка,1.3
366,Ford,Fiesta,2006,4350.0,219,Ужгород,Бензин,Ручна / Механіка,1.25
367,Ford,Fiesta,2016,10500.0,40,Дніпро (Дніпропетровськ),Бензин,Автомат,1
368,Ford,Fiesta,2005,3300.0,175,Одеса,Бензин,Ручна / Механіка,1.25
370,Ford,Fiesta,2007,5500.0,172,Запоріжжя,Бензин,Автомат,1.4
371,Ford,Fiesta,2011,6450.0,97,Кропивницький (Кіровоград),Бензин,Ручна / Механіка,1.25
372,Ford,Fiesta,2006,4800.0,164,Мукачеве,Бензин,Ручна / Механіка,1.4
373,Ford,Fiesta,2007,6200.0,130,Київ,Бензин,Ручна / Механіка,2
374,Ford,Fiesta,2011,5500.0,178,Львів,Дизель,Ручна / Механіка,1.4
376,Ford,Fiesta,2006,3700.0,170,Кропивницький (Кіровоград),Бензин,Ручна / Механіка,1.3
377,Ford,Fiesta,2014,8699.0,78,Теребовля,Бензин,Автомат,1.6
378,Ford,Fiesta,2013,6600.0,65,Харків,Бензин,Ручна / Механіка,1
379,Ford,Fiesta,2006,4000.0,260,Бердянськ,1.25,Ручна / Механіка,1.25
380,Ford,Fiesta,2015,8150.0,111,Ніжин,Дизель,Ручна / Механіка,1.5
381,Ford,Fiesta,2007,5000.0,161,Кривий Ріг,Бензин,Ручна / Механіка,1.6
382,Ford,Fiesta,2007,4300.0,106,Львів,Бензин,Ручна / Механіка,1.4
383,Ford,Fiesta,2007,3999.0,121,Київ,Бензин,Робот,1.4
384,Ford,Fiesta,2012,5900.0,169,Бориспіль,Бензин,Ручна / Механіка,1.2
385,Ford,Fiesta,2007,4500.0,225,Одеса,Бензин,Ручна / Механіка,1.4
386,Ford,Fiesta,2011,7035.0,141,Богодухів,Дизель,Ручна / Механіка,1.4
387,Ford,Fiesta,2013,7000.0,112,Коростень,Бензин,Ручна / Механіка,1
388,Ford,Fiesta,2008,5500.0,130,Біла Церква,Газ / Бензин,Автомат,
389,Ford,Fiesta,2008,4500.0,171,Нетішин,Газ / Бензин,Ручна / Механіка,1.3
390,Ford,Fiesta,2010,8200.0,141,Київ,Бензин,Автомат,1.4
391,Ford,Fiesta,2011,5350.0,151,Івано-Франківськ,Бензин,Ручна / Механіка,
392,Ford,Fiesta,2014,7300.0,165,Львів,Дизель,Ручна / Механіка,1.5
393,Ford,Fiesta,2006,5400.0,110,Київ,Бензин,Робот,1.4
395,Ford,Fiesta,2010,6999.0,190,Житомир,Дизель,Ручна / Механіка,1.6
396,Ford,Fiesta,2007,3800.0,244,Київ,Газ / Бензин,Ручна / Механіка,1.25
397,Ford,Fiesta,2007,4800.0,390,Біла Церква,Газ / Бензин,Ручна / Механіка,
398,Ford,Fiesta,2007,4450.0,200,Коломия,Дизель,Ручна / Механіка,1.4
399,Ford,Fiesta,2012,9500.0,59,Харків,Бензин,Автомат,1.4
400,Ford,Fiesta,2012,8131.868131868132,98,Київ,Бензин,Автомат,1.6
401,Ford,Fiesta,2012,7500.0,121,Дніпро (Дніпропетровськ),Газ / Бензин,Ручна / Механіка,1.2
402,Ford,Fiesta,2012,8499.0,48,Дніпро (Дніпропетровськ),Бензин,Ручна / Механіка,1.25
403,Ford,Fiesta,2016,9700.0,77,Одеса,Бензин,Ручна / Механіка,1.25
404,Ford,Fiesta,2008,4400.0,182,Острог,Бензин,Не вказано,1.4
405,Ford,Fiesta,2014,6900.0,209,Миколаїв,Бензин,Автомат,1.6
406,Ford,Fiesta,2009,5399.0,187,Рівне,Бензин,Ручна / Механіка,1.3
407,Ford,Fiesta,2014,7499.0,98,Київ,Бензин,Автомат,1.6
408,Ford,Fiesta,2006,3699.0,151,Тернопіль,Бензин,Ручна / Механіка,1.3
409,Ford,Fiesta,2016,7400.0,104,Київ,Бензин,Автомат,1
410,Ford,Fiesta,2015,8000.0,58,Кам'янське (Дніпродзержинськ),Бензин,Ручна / Механіка,
411,Ford,Fiesta,2013,7000.0,193,Бровари,Дизель,Не вказано,1.5
412,Ford,Fiesta,2018,9300.0,67,Львів,Бензин,Автомат,1.6
413,Ford,Fiesta,2007,5100.0,193,Київ,Бензин,Ручна / Механіка,1.24
414,Ford,Fiesta,2016,7750.0,96,Київ,Бензин,Автомат,1.6
415,Ford,Fiesta,2007,3500.0,265,Київ,Газ / Бензин,Не вказано,1.3
416,Ford,Fiesta,2013,9000.0,136,Київ,Бензин,Ручна / Механіка,1
417,Ford,Fiesta,2016,10800.0,58,Дніпро (Дніпропетровськ),Бензин,Автомат,1
418,Ford,Fiesta,2008,4999.0,125,Суми,Газ / Бензин,Ручна / Механіка,1.2
419,Ford,Fiesta,2017,9000.0,100,Шостка,Бензин,Робот,1.6
420,Ford,Fiesta,2011,6900.0,93,Запоріжжя,Газ / Бензин,Ручна / Механіка,1.2
421,Ford,Fiesta,2016,12500.0,72,Київ,Бензин,Ручна / Механіка,1.6
422,Ford,Fiesta,2017,9800.0,45,Київ,Бензин,Автомат,1.6
423,Ford,Fiesta,2013,7900.0,124,Миколаїв,Дизель,Ручна / Механіка,1.5
424,Ford,Fiesta,2014,8700.0,84,Київ,Бензин,Не вказано,1.6
425,Ford,Fiesta,2007,4400.0,183,Київ,Бензин,Ручна / Механіка,1.3
426,Ford,Fiesta,2016,8000.0,127,Київ,Бензин,Автомат,1.6
427,Ford,Fiesta,2008,4100.0,162,Житомир,Бензин,Ручна / Механіка,1.2
428,Ford,Fiesta,2002,4000.0,230,Свалява,Дизель,Ручна / Механіка,1.4
429,Ford,Fiesta,2013,8000.0,46,Запоріжжя,Бензин,Ручна / Механіка,1
430,Ford,Fiesta,2012,9300.0,24,Київ,Бензин,Автомат,1.4
431,Ford,Fiesta,2013,5900.0,81,Київ,Бензин,Ручна / Механіка,1
432,Ford,Fiesta,2007,5500.0,148,Запоріжжя,Бензин,Автомат,1.4
433,Ford,Fiesta,2007,4450.0,197,Одеса,Бензин,Ручна / Механіка,1.4
434,Ford,Fiesta,2006,4650.0,130,Одеса,Бензин,Ручна / Механіка,1.3
435,Ford,Fiesta,2009,5200.0,120,Умань,Бензин,Ручна / Механіка,1.4
436,Ford,Fiesta,2014,8900.0,25,Одеса,Бензин,Не вказано,1
437,Ford,Fiesta,2014,7999.0,176,Рівне,Бензин,Автомат,1.6
438,Ford,Fiesta,2007,4600.0,135,Харків,Бензин,Ручна / Механіка,1.2
439,Ford,Fiesta,2013,8500.0,98,Дніпро (Дніпропетровськ),Бензин,Ручна / Механіка,1
440,Ford,Fiesta,2013,5999.0,124,Мукачеве,Бензин,Ручна / Механіка,1
441,Ford,Fiesta,2008,5300.0,226,Бережани,Дизель,Ручна / Механіка,1.6
442,Ford,Fiesta,2013,6999.0,119,Харків,Бензин,Ручна / Механіка,1
443,Ford,Fiesta,2013,5800.0,178,Київ,Бензин,Ручна / Механіка,1
444,Ford,Fiesta,2008,5300.0,115,Харків,Газ / Бензин,Типтронік,1.4
445,Ford,Fiesta,2002,4500.0,324,Біла Церква,Дизель,Ручна / Механіка,1.4
446,Ford,Fiesta,2016,10300.0,64,Вінниця,Бензин,Автомат,1
447,Ford,Fiesta,2013,8150.0,30,Саврань,Дизель,Ручна / Механіка,1.5
448,Ford,Fiesta,2006,4499.0,127,Хмельницький,Бензин,Автомат,1.4
449,Ford,Fiesta,2012,5500.0,113,Одеса,Бензин,Ручна / Механіка,1.2
450,Ford,Fiesta,2007,5700.0,95,Київ,Бензин,Ручна / Механіка,1.2
451,Ford,Fiesta,2011,7800.0,114,Дніпро (Дніпропетровськ),Бензин,Автомат,1.4
452,Ford,Fiesta,2012,8300.0,82,Дніпро (Дніпропетровськ),Бензин,Автомат,1.4
453,Ford,Fiesta,2007,5550.0,126,Кривий Ріг,Бензин,Типтронік,1.4
454,Ford,Fiesta,2012,5600.0,200,Ковель,1.3,Ручна / Механіка,1.3
455,Ford,Fiesta,2016,9500.0,23,Вінниця,Бензин,Ручна / Механіка,1.6
456,Ford,Fiesta,2016,9900.0,93,Київ,Бензин,Автомат,1
457,Ford,Fiesta,2007,6300.0,168,Херсон,Газ / Бензин,Ручна / Механіка,1.25
458,Ford,Fiesta,2008,5750.0,151,Воловець,Бензин,Ручна / Механіка,1.4
459,Ford,Fiesta,2011,9900.0,118,Київ,Бензин,Автомат,1.4
460,Ford,Fiesta,2007,3950.0,230,Київ,Бензин,Робот,
461,Ford,Fiesta,2006,6000.0,90,Кривий Ріг,Бензин,Не вказано,1.4
462,Ford,Fiesta,2010,7500.0,154,Запоріжжя,Газ / Бензин,Ручна / Механіка,1.25
463,Ford,Fiesta,2016,9999.0,19,Харків,Бензин,Автомат,1.6
464,Ford,Fiesta,2012,6200.0,99,Харків,Бензин,Робот,1.6
465,Ford,Fiesta,2011,6500.0,100,Дніпро (Дніпропетровськ),Бензин,Ручна / Механіка,1.3
466,Ford,Fiesta,2006,4350.0,219,Ужгород,Бензин,Ручна / Механіка,1.25
467,Ford,Fiesta,2016,10500.0,40,Дніпро (Дніпропетровськ),Бензин,Автомат,1
468,Ford,Fiesta,2005,3300.0,175,Одеса,Бензин,Ручна / Механіка,1.25
470,Ford,Fiesta,2007,5500.0,172,Запоріжжя,Бензин,Автомат,1.4
471,Ford,Fiesta,2011,6450.0,97,Кропивницький (Кіровоград),Бензин,Ручна / Механіка,1.25
472,Ford,Fiesta,2006,4800.0,164,Мукачеве,Бензин,Ручна / Механіка,1.4
473,Ford,Fiesta,2007,6200.0,130,Київ,Бензин,Ручна / Механіка,2
474,Ford,Fiesta,2011,5500.0,178,Львів,Дизель,Ручна / Механіка,1.4
476,Ford,Fiesta,2006,3700.0,170,Кропивницький (Кіровоград),Бензин,Ручна / Механіка,1.3
477,Ford,Fiesta,2014,8699.0,78,Теребовля,Бензин,Автомат,1.6
478,Ford,Fiesta,2013,6600.0,65,Харків,Бензин,Ручна / Механіка,1
479,Ford,Fiesta,2006,4000.0,260,Бердянськ,1.25,Ручна / Механіка,1.25
480,Ford,Fiesta,2015,8150.0,111,Ніжин,Дизель,Ручна / Механіка,1.5
481,Ford,Fiesta,2007,5000.0,161,Кривий Ріг,Бензин,Ручна / Механіка,1.6
482,Ford,Fiesta,2007,4300.0,106,Львів,Бензин,Ручна / Механіка,1.4
483,Ford,Fiesta,2007,3999.0,121,Київ,Бензин,Робот,1.4
484,Ford,Fiesta,2012,5900.0,169,Бориспіль,Бензин,Ручна / Механіка,1.2
485,Ford,Fiesta,2007,4500.0,225,Одеса,Бензин,Ручна / Механіка,1.4
486,Ford,Fiesta,2011,7035.0,141,Богодухів,Дизель,Ручна / Механіка,1.4
487,Ford,Fiesta,2013,7000.0,112,Коростень,Бензин,Ручна / Механіка,1
488,Ford,Fiesta,2008,5500.0,130,Біла Церква,Газ / Бензин,Автомат,
489,Ford,Fiesta,2008,4500.0,171,Нетішин,Газ / Бензин,Ручна / Механіка,1.3
490,Ford,Fiesta,2010,8200.0,141,Київ,Бензин,Автомат,1.4
491,Ford,Fiesta,2011,5350.0,151,Івано-Франківськ,Бензин,Ручна / Механіка,
492,Ford,Fiesta,2014,7300.0,165,Львів,Дизель,Ручна / Механіка,1.5
493,Ford,Fiesta,2006,5400.0,110,Київ,Бензин,Робот,1.4
495,Ford,Fiesta,2010,6999.0,190,Житомир,Дизель,Ручна / Механіка,1.6
496,Ford,Fiesta,2007,3800.0,244,Київ,Газ / Бензин,Ручна / Механіка,1.25
497,Ford,Fiesta,2007,4800.0,390,Біла Церква,Газ / Бензин,Ручна / Механіка,
498,Ford,Fiesta,2007,4450.0,200,Коломия,Дизель,Ручна / Механіка,1.4
499,Ford,Fiesta,2012,9500.0,59,Харків,Бензин,Автомат,1.4
500,Ford,Fiesta,2012,8131.868131868132,98,Київ,Бензин,Автомат,1.6
501,Ford,Fiesta,2012,7500.0,121,Дніпро (Дніпропетровськ),Газ / Бензин,Ручна / Механіка,1.2
502,Ford,Fiesta,2012,8499.0,48,Дніпро (Дніпропетровськ),Бензин,Ручна / Механіка,1.25
503,Ford,Fiesta,2016,9700.0,77,Одеса,Бензин,Ручна / Механіка,1.25
504,Ford,Fiesta,2008,4400.0,182,Острог,Бензин,Не вказано,1.4
505,Ford,Fiesta,2014,6900.0,209,Миколаїв,Бензин,Автомат,1.6
506,Ford,Fiesta,2009,5399.0,187,Рівне,Бензин,Ручна / Механіка,1.3
507,Ford,Fiesta,2014,7499.0,98,Київ,Бензин,Автомат,1.6
508,Ford,Fiesta,2006,3699.0,151,Тернопіль,Бензин,Ручна / Механіка,1.3
509,Ford,Fiesta,2016,7400.0,104,Київ,Бензин,Автомат,1
510,Ford,Fiesta,2015,8000.0,58,Кам'янське (Дніпродзержинськ),Бензин,Ручна / Механіка,
511,Ford,Fiesta,2013,7000.0,193,Бровари,Дизель,Не вказано,1.5
512,Ford,Fiesta,2018,9300.0,67,Львів,Бензин,Автомат,1.6
513,Ford,Fiesta,2007,5100.0,193,Київ,Бензин,Ручна / Механіка,1.24
514,Ford,Fiesta,2016,7750.0,96,Київ,Бензин,Автомат,1.6
515,Ford,Fiesta,2007,3500.0,265,Київ,Газ / Бензин,Не вказано,1.3
516,Ford,Fiesta,2013,9000.0,136,Київ,Бензин,Ручна / Механіка,1
517,Ford,Fiesta,2016,10800.0,58,Дніпро (Дніпропетровськ),Бензин,Автомат,1
518,Ford,Fiesta,2008,4999.0,125,Суми,Газ / Бензин,Ручна / Механіка,1.2
519,Ford,Fiesta,2017,9000.0,100,Шостка,Бензин,Робот,1.6
520,Ford,Fiesta,2011,6900.0,93,Запоріжжя,Газ / Бензин,Ручна / Механіка,1.2
521,Ford,Fiesta,2016,12500.0,72,Київ,Бензин,Ручна / Механіка,1.6
522,Ford,Fiesta,2017,9800.0,45,Київ,Бензин,Автомат,1.6
523,Ford,Fiesta,2013,7900.0,124,Миколаїв,Дизель,Ручна / Механіка,1.5
524,Ford,Fiesta,2014,8700.0,84,Київ,Бензин,Не вказано,1.6
525,Ford,Fiesta,2007,4400.0,183,Київ,Бензин,Ручна / Механіка,1.3
526,Ford,Fiesta,2016,8000.0,127,Київ,Бензин,Автомат,1.6
527,Ford,Fiesta,2008,4100.0,162,Житомир,Бензин,Ручна / Механіка,1.2
528,Ford,Fiesta,2002,4000.0,230,Свалява,Дизель,Ручна / Механіка,1.4
529,Ford,Fiesta,2013,8000.0,46,Запоріжжя,Бензин,Ручна / Механіка,1
530,Ford,Fiesta,2012,9300.0,24,Київ,Бензин,Автомат,1.4
531,Ford,Fiesta,2013,5900.0,81,Київ,Бензин,Ручна / Механіка,1
532,Ford,Fiesta,2007,5500.0,148,Запоріжжя,Бензин,Автомат,1.4
533,Ford,Fiesta,2007,4450.0,197,Одеса,Бензин,Ручна / Механіка,1.4
534,Ford,Fiesta,2006,4650.0,130,Одеса,Бензин,Ручна / Механіка,1.3
535,Ford,Fiesta,2009,5200.0,120,Умань,Бензин,Ручна / Механіка,1.4
536,Ford,Fiesta,2014,8900.0,25,Одеса,Бензин,Не вказано,1
537,Ford,Fiesta,2014,7999.0,176,Рівне,Бензин,Автомат,1.6
538,Ford,Fiesta,2007,4600.0,135,Харків,Бензин,Ручна / Механіка,1.2
539,Ford,Fiesta,2013,8500.0,98,Дніпро (Дніпропетровськ),Бензин,Ручна / Механіка,1
540,Ford,Fiesta,2013,5999.0,124,Мукачеве,Бензин,Ручна / Механіка,1
541,Ford,Fiesta,2008,5300.0,226,Бережани,Дизель,Ручна / Механіка,1.6
542,Ford,Fiesta,2013,6999.0,119,Харків,Бензин,Ручна / Механіка,1
543,Ford,Fiesta,2013,5800.0,178,Київ,Бензин,Ручна / Механіка,1
544,Ford,Fiesta,2008,5300.0,115,Харків,Газ / Бензин,Типтронік,1.4
545,Ford,Fiesta,2002,4500.0,324,Біла Церква,Дизель,Ручна / Механіка,1.4
546,Ford,Fiesta,2016,10300.0,64,Вінниця,Бензин,Автомат,1
547,Ford,Fiesta,2013,8150.0,30,Саврань,Дизель,Ручна / Механіка,1.5
548,Ford,Fiesta,2006,4499.0,127,Хмельницький,Бензин,Автомат,1.4
549,Ford,Fiesta,2012,5500.0,113,Одеса,Бензин,Ручна / Механіка,1.2
550,Ford,Fiesta,2007,5700.0,95,Київ,Бензин,Ручна / Механіка,1.2
551,Ford,Fiesta,2011,7800.0,114,Дніпро (Дніпропетровськ),Бензин,Автомат,1.4
552,Ford,Fiesta,2012,8300.0,82,Дніпро (Дніпропетровськ),Бензин,Автомат,1.4
553,Ford,Fiesta,2007,5550.0,126,Кривий Ріг,Бензин,Типтронік,1.4
554,Ford,Fiesta,2012,5600.0,200,Ковель,1.3,Ручна / Механіка,1.3
555,Ford,Fiesta,2016,9500.0,23,Вінниця,Бензин,Ручна / Механіка,1.6
556,Ford,Fiesta,2016,9900.0,93,Київ,Бензин,Автомат,1
557,Ford,Fiesta,2007,6300.0,168,Херсон,Газ / Бензин,Ручна / Механіка,1.25
558,Ford,Fiesta,2008,5750.0,151,Воловець,Бензин,Ручна / Механіка,1.4
559,Ford,Fiesta,2011,9900.0,118,Київ,Бензин,Автомат,1.4
560,Ford,Fiesta,2007,3950.0,230,Київ,Бензин,Робот,
561,Ford,Fiesta,2006,6000.0,90,Кривий Ріг,Бензин,Не вказано,1.4
562,Ford,Fiesta,2010,7500.0,154,Запоріжжя,Газ / Бензин,Ручна / Механіка,1.25
563,Ford,Fiesta,2016,9999.0,19,Харків,Бензин,Автомат,1.6
564,Ford,Fiesta,2012,6200.0,99,Харків,Бензин,Робот,1.6
565,Ford,Fiesta,2011,6500.0,100,Дніпро (Дніпропетровськ),Бензин,Ручна / Механіка,1.3
566,Ford,Fiesta,2006,4350.0,219,Ужгород,Бензин,Ручна / Механіка,1.25
567,Ford,Fiesta,2016,10500.0,40,Дніпро (Дніпропетровськ),Бензин,Автомат,1
568,Ford,Fiesta,2005,3300.0,175,Одеса,Бензин,Ручна / Механіка,1.25
570,Ford,Fiesta,2007,5500.0,172,Запоріжжя,Бензин,Автомат,1.4
571,Ford,Fiesta,2011,6450.0,97,Кропивницький (Кіровоград),Бензин,Ручна / Механіка,1.25
572,Ford,Fiesta,2006,4800.0,164,Мукачеве,Бензин,Ручна / Механіка,1.4
573,Ford,Fiesta,2007,6200.0,130,Київ,Бензин,Ручна / Механіка,2
574,Ford,Fiesta,2011,5500.0,178,Львів,Дизель,Ручна / Механіка,1.4
576,Ford,Fiesta,2006,3700.0,170,Кропивницький (Кіровоград),Бензин,Ручна / Механіка,1.3
577,Ford,Fiesta,2014,8699.0,78,Теребовля,Бензин,Автомат,1.6
578,Ford,Fiesta,2013,6600.0,65,Харків,Бензин,Ручна / Механіка,1
579,Ford,Fiesta,2006,4000.0,260,Бердянськ,1.25,Ручна / Механіка,1.25
580,Ford,Fiesta,2015,8150.0,111,Ніжин,Дизель,Ручна / Механіка,1.5
581,Ford,Fiesta,2007,5000.0,161,Кривий Ріг,Бензин,Ручна / Механіка,1.6
582,Ford,Fiesta,2007,4300.0,106,Львів,Бензин,Ручна / Механіка,1.4
583,Ford,Fiesta,2007,3999.0,121,Київ,Бензин,Робот,1.4
584,Ford,Fiesta,2012,5900.0,169,Бориспіль,Бензин,Ручна / Механіка,1.2
585,Ford,Fiesta,2007,4500.0,225,Одеса,Бензин,Ручна / Механіка,1.4
586,Ford,Fiesta,2011,7035.0,141,Богодухів,Дизель,Ручна / Механіка,1.4
587,Ford,Fiesta,2013,7000.0,112,Коростень,Бензин,Ручна / Механіка,1
588,Ford,Fiesta,2008,5500.0,130,Біла Церква,Газ / Бензин,Автомат,
589,Ford,Fiesta,2008,4500.0,171,Нетішин,Газ / Бензин,Ручна / Механіка,1.3
590,Ford,Fiesta,2010,8200.0,141,Київ,Бензин,Автомат,1.4
591,Ford,Fiesta,2011,5350.0,151,Івано-Франківськ,Бензин,Ручна / Механіка,
592,Ford,Fiesta,2014,7300.0,165,Львів,Дизель,Ручна / Механіка,1.5
593,Ford,Fiesta,2006,5400.0,110,Київ,Бензин,Робот,1.4
595,Ford,Fiesta,2010,6999.0,190,Житомир,Дизель,Ручна / Механіка,1.6
596,Ford,Fiesta,2007,3800.0,244,Київ,Газ / Бензин,Ручна / Механіка,1.25
597,Ford,Fiesta,2007,4800.0,390,Біла Церква,Газ / Бензин,Ручна / Механіка,
598,Ford,Fiesta,2007,4450.0,200,Коломия,Дизель,Ручна / Механіка,1.4
599,Ford,Fiesta,2012,9500.0,59,Харків,Бензин,Автомат,1.4
600,Ford,Fiesta,2012,8131.868131868132,98,Київ,Бензин,Автомат,1.6
601,Ford,Fiesta,2012,7500.0,121,Дніпро (Дніпропетровськ),Газ / Бензин,Ручна / Механіка,1.2
602,Ford,Fiesta,2012,8499.0,48,Дніпро (Дніпропетровськ),Бензин,Ручна / Механіка,1.25
603,Ford,Fiesta,2016,9700.0,77,Одеса,Бензин,Ручна / Механіка,1.25
604,Ford,Fiesta,2008,4400.0,182,Острог,Бензин,Не вказано,1.4
605,Ford,Fiesta,2014,6900.0,209,Миколаїв,Бензин,Автомат,1.6
606,Ford,Fiesta,2009,5399.0,187,Рівне,Бензин,Ручна / Механіка,1.3
607,Ford,Fiesta,2014,7499.0,98,Київ,Бензин,Автомат,1.6
608,Ford,Fiesta,2006,3699.0,151,Тернопіль,Бензин,Ручна / Механіка,1.3
609,Ford,Fiesta,2016,7400.0,104,Київ,Бензин,Автомат,1
610,Ford,Fiesta,2015,8000.0,58,Кам'янське (Дніпродзержинськ),Бензин,Ручна / Механіка,
611,Ford,Fiesta,2013,7000.0,193,Бровари,Дизель,Не вказано,1.5
612,Ford,Fiesta,2018,9300.0,67,Львів,Бензин,Автомат,1.6
613,Ford,Fiesta,2007,5100.0,193,Київ,Бензин,Ручна / Механіка,1.24
614,Ford,Fiesta,2016,7750.0,96,Київ,Бензин,Автомат,1.6
615,Ford,Fiesta,2007,3500.0,265,Київ,Газ / Бензин,Не вказано,1.3
616,Ford,Fiesta,2013,9000.0,136,Київ,Бензин,Ручна / Механіка,1
617,Ford,Fiesta,2016,10800.0,58,Дніпро (Дніпропетровськ),Бензин,Автомат,1
618,Ford,Fiesta,2008,4999.0,125,Суми,Газ / Бензин,Ручна / Механіка,1.2
619,Ford,Fiesta,2017,9000.0,100,Шостка,Бензин,Робот,1.6
620,Ford,Fiesta,2011,6900.0,93,Запоріжжя,Газ / Бензин,Ручна / Механіка,1.2
621,Ford,Fiesta,2016,12500.0,72,Київ,Бензин,Ручна / Механіка,1.6
622,Ford,Fiesta,2017,9800.0,45,Київ,Бензин,Автомат,1.6
623,Ford,Fiesta,2013,7900.0,124,Миколаїв,Дизель,Ручна / Механіка,1.5
624,Ford,Fiesta,2014,8700.0,84,Київ,Бензин,Не вказано,1.6
625,Ford,Fiesta,2007,4400.0,183,Київ,Бензин,Ручна / Механіка,1.3
626,Ford,Fiesta,2016,8000.0,127,Київ,Бензин,Автомат,1.6
627,Ford,Fiesta,2008,4100.0,162,Житомир,Бензин,Ручна / Механіка,1.2
628,Ford,Fiesta,2002,4000.0,230,Свалява,Дизель,Ручна / Механіка,1.4
629,Ford,Fiesta,2013,8000.0,46,Запоріжжя,Бензин,Ручна / Механіка,1
630,Ford,Fiesta,2012,9300.0,24,Київ,Бензин,Автомат,1.4
631,Ford,Fiesta,2013,5900.0,81,Київ,Бензин,Ручна / Механіка,1
632,Ford,Fiesta,2007,5500.0,148,Запоріжжя,Бензин,Автомат,1.4
633,Ford,Fiesta,2007,4450.0,197,Одеса,Бензин,Ручна / Механіка,1.4
634,Ford,Fiesta,2006,4650.0,130,Одеса,Бензин,Ручна / Механіка,1.3
635,Ford,Fiesta,2009,5200.0,120,Умань,Бензин,Ручна / Механіка,1.4
636,Ford,Fiesta,2014,8900.0,25,Одеса,Бензин,Не вказано,1
637,Ford,Fiesta,2014,7999.0,176,Рівне,Бензин,Автомат,1.6
638,Ford,Fiesta,2007,4600.0,135,Харків,Бензин,Ручна / Механіка,1.2
639,Ford,Fiesta,2013,8500.0,98,Дніпро (Дніпропетровськ),Бензин,Ручна / Механіка,1
640,Ford,Fiesta,2013,5999.0,124,Мукачеве,Бензин,Ручна / Механіка,1
641,Ford,Fiesta,2008,5300.0,226,Бережани,Дизель,Ручна / Механіка,1.6
642,Ford,Fiesta,2013,6999.0,119,Харків,Бензин,Ручна / Механіка,1
643,Ford,Fiesta,2013,5800.0,178,Київ,Бензин,Ручна / Механіка,1
644,Ford,Fiesta,2008,5300.0,115,Харків,Газ / Бензин,Типтронік,1.4
645,Ford,Fiesta,2002,4500.0,324,Біла Церква,Дизель,Ручна / Механіка,1.4
646,Ford,Fiesta,2016,10300.0,64,Вінниця,Бензин,Автомат,1
647,Ford,Fiesta,2013,8150.0,30,Саврань,Дизель,Ручна / Механіка,1.5
648,Ford,Fiesta,2006,4499.0,127,Хмельницький,Бензин,Автомат,1.4
649,Ford,Fiesta,2012,5500.0,113,Одеса,Бензин,Ручна / Механіка,1.2
650,Ford,Fiesta,2007,5700.0,95,Київ,Бензин,Ручна / Механіка,1.2
651,Ford,Fiesta,2011,7800.0,114,Дніпро (Дніпропетровськ),Бензин,Автомат,1.4
652,Ford,Fiesta,2012,8300.0,82,Дніпро (Дніпропетровськ),Бензин,Автомат,1.4
653,Ford,Fiesta,2007,5550.0,126,Кривий Ріг,Бензин,Типтронік,1.4
654,Ford,Fiesta,2012,5600.0,200,Ковель,1.3,Ручна / Механіка,1.3
655,Ford,Fiesta,2016,9500.0,23,Вінниця,Бензин,Ручна / Механіка,1.6
656,Ford,Fiesta,2016,9900.0,93,Київ,Бензин,Автомат,1
657,Ford,Fiesta,2007,6300.0,168,Херсон,Газ / Бензин,Ручна / Механіка,1.25
658,Ford,Fiesta,2008,5750.0,151,Воловець,Бензин,Ручна / Механіка,1.4
659,Ford,Fiesta,2011,9900.0,118,Київ,Бензин,Автомат,1.4
660,Ford,Fiesta,2007,3950.0,230,Київ,Бензин,Робот,
661,Ford,Fiesta,2006,6000.0,90,Кривий Ріг,Бензин,Не вказано,1.4
662,Ford,Fiesta,2010,7500.0,154,Запоріжжя,Газ / Бензин,Ручна / Механіка,1.25
663,Ford,Fiesta,2016,9999.0,19,Харків,Бензин,Автомат,1.6
664,Ford,Fiesta,2012,6200.0,99,Харків,Бензин,Робот,1.6
665,Ford,Fiesta,2011,6500.0,100,Дніпро (Дніпропетровськ),Бензин,Ручна / Механіка,1.3
666,Ford,Fiesta,2006,4350.0,219,Ужгород,Бензин,Ручна / Механіка,1.25
667,Ford,Fiesta,2016,10500.0,40,Дніпро (Дніпропетровськ),Бензин,Автомат,1
668,Ford,Fiesta,2005,3300.0,175,Одеса,Бензин,Ручна / Механіка,1.25
670,Ford,Fiesta,2007,5500.0,172,Запоріжжя,Бензин,Автомат,1.4
671,Ford,Fiesta,2011,6450.0,97,Кропивницький (Кіровоград),Бензин,Ручна / Механіка,1.25
672,Ford,Fiesta,2006,4800.0,164,Мукачеве,Бензин,Ручна / Механіка,1.4
673,Ford,Fiesta,2007,6200.0,130,Київ,Бензин,Ручна / Механіка,2
674,Ford,Fiesta,2011,5500.0,178,Львів,Дизель,Ручна / Механіка,1.4
676,Ford,Fiesta,2006,3700.0,170,Кропивницький (Кіровоград),Бензин,Ручна / Механіка,1.3
677,Ford,Fiesta,2014,8699.0,78,Теребовля,Бензин,Автомат,1.6
678,Ford,Fiesta,2013,6600.0,65,Харків,Бензин,Ручна / Механіка,1
679,Ford,Fiesta,2006,4000.0,260,Бердянськ,1.25,Ручна / Механіка,1.25
680,Ford,Fiesta,2015,8150.0,111,Ніжин,Дизель,Ручна / Механіка,1.5
681,Ford,Fiesta,2007,5000.0,161,Кривий Ріг,Бензин,Ручна / Механіка,1.6
682,Ford,Fiesta,2007,4300.0,106,Львів,Бензин,Ручна / Механіка,1.4
683,Ford,Fiesta,2007,3999.0,121,Київ,Бензин,Робот,1.4
684,Ford,Fiesta,2012,5900.0,169,Бориспіль,Бензин,Ручна / Механіка,1.2
685,Ford,Fiesta,2007,4500.0,225,Одеса,Бензин,Ручна / Механіка,1.4
686,Ford,Fiesta,2011,7035.0,141,Богодухів,Дизель,Ручна / Механіка,1.4
687,Ford,Fiesta,2013,7000.0,112,Коростень,Бензин,Ручна / Механіка,1
688,Ford,Fiesta,2008,5500.0,130,Біла Церква,Газ / Бензин,Автомат,
689,Ford,Fiesta,2008,4500.0,171,Нетішин,Газ / Бензин,Ручна / Механіка,1.3
690,Ford,Fiesta,2010,8200.0,141,Київ,Бензин,Автомат,1.4
691,Ford,Fiesta,2011,5350.0,151,Івано-Франківськ,Бензин,Ручна / Механіка,
692,Ford,Fiesta,2014,7300.0,165,Львів,Дизель,Ручна / Механіка,1.5
693,Ford,Fiesta,2006,5400.0,110,Київ,Бензин,Робот,1.4
695,Ford,Fiesta,2010,6999.0,190,Житомир,Дизель,Ручна / Механіка,1.6
696,Ford,Fiesta,2007,3800.0,244,Київ,Газ / Бензин,Ручна / Механіка,1.25
697,Ford,Fiesta,2007,4800.0,390,Біла Церква,Газ / Бензин,Ручна / Механіка,
698,Ford,Fiesta,2007,4450.0,200,Коломия,Дизель,Ручна / Механіка,1.4
699,Ford,Fiesta,2012,9500.0,59,Харків,Бензин,Автомат,1.4
